,headline,url,date,stock,website_name,article_body
1921,Qualcomm and Broadcom would dominate wireless business,http://www.foxbusiness.com/markets/2017/11/06/qualcomm-and-broadcom-would-dominate-wireless-business.html?cmpid=prn_benz,2017-11-06,AVGO,foxbusiness,"VideoThere are plenty of potential benefits for both Qualcomm (NASDAQ:QCOM) and Broadcom (NASDAQ:AVGO) should the two tech giants merge, including cost synergies and a conclusion of Qualcomm‚Äôs legal disputes with Apple (NASDAQ:AAPL). However, Qualcomm will likely reject Broadcom‚Äôs bid as ‚Äútoo low,‚Äù and opt to remain an independent company. When it comes to the companies‚Äô sector competitors, they are probably hoping this deal completely falls apart.On Monday, Broadcom officially launched a takeover offer for Qualcomm for $70 per share, which values the company at about $103 billion. According to Reuters, this would be the biggest technology acquisition ever.As a unit, the two companies would benefit from cost synergies, according to Canaccord Genuity, while the bank‚Äôs analysts also expect Qualcomm will reject this initial offer.‚ÄúWe believe the combination could create shareholder value through potential accretion, synergies, increased share with Apple and Samsung; in addition, Broadcom could potentially settle the licensing dispute with Apple in a more-timely manner than could Qualcomm, given Broadcom‚Äôs strong relationship with Apple,‚Äù Canaccord Genuity analysts wrote in a note to clients.They added that a combination of the two companies would create a dominant wireless business and overall powerful global semiconductor leader.While Qualcomm and Broadcom stand to benefit, it would increase competition for other semiconductor companies, notes Canaccord Genuity. Companies that could be negatively impacted include Intel (NASDAQ:INTL), NXP Semiconductor (NASDAQ:NXPI), Qorvo (NASDAQ:OORVO), Skyworks (NASDAQ:SWKS) and CEVA (NASDAQ:CEVA).More from FOX BusinessWall Street climbs to record highs amid merger talkTax reform implementation is path to 5% US economic growth: Tony SayeghDudley cuts New York Fed leadership term short, forcing search for perfect chiefBroadcom's $70-per-share offer is at a premium to Qualcomm's closing price of $54.84 on Thursday, a day before media reports of a potential deal pushed up the company's shares. The stock soared Friday, closing at $61.81 after The Wall Street Journal reported that Broadcom was considering a bid.Broadcom‚Äôs shares are up about 53% year-to-date. Qualcomm‚Äôs shares are down over 3%, even after posting large advances on the speculation, and eventual reality of the takeover offer. Qualcomm‚Äôs share value has taken a hit from the legal battle with Apple. In its notes on the merger, Canaccord Genuity analysts believe Qualcomm‚Äôs shares have traded well below fair value."
3857,Buffett's American Express Profiting From Platinum Card: CEO Ken Chenault,http://www.foxbusiness.com/features/2017/05/06/buffetts-american-express-profiting-from-platinum-card-ceo-ken-chenault.html?cmpid=prn_benz,2017-05-06,AXP,foxbusiness,"VideoAmerican Express (NYSE:AXP) CEO Ken Chenault said Saturday he would like to see more growth in the economy.‚ÄúAt the end of the day we feel good about our performance because we have a very diversified business platform,‚Äù Chenault told FOX Business‚Äô Liz Claman at the annual Berkshire Hathaway (NYSE:BRK.A) shareholder meeting in Omaha, Neb. ‚ÄúMost of the growth is really being generated by the actions that we‚Äôre taking in the marketplace.‚ÄùThe Amex CEO said the company‚Äôs first quarter was ‚Äúvery, very good‚Äù and is optimistic about the momentum the business is building.According to Chenault, the company has also seen success with its Platinum card, a premium travel reward credit card with an annual fee of $550. Users of Platinum are able to receive $200 in annual Uber credits, a $200 airline fee credit and 5X Membership Rewards points on flights and eligible hotels booked directly with airlines or with American Express Travel.‚Äú2016 was the best year in the history of Platinum, in terms of both cards and spend. So we feel very good about the Platinum,‚Äù he said."
3858,Buffett & American Express Profiting From Platinum Card: CEO Ken Chenault,http://www.foxbusiness.com/features/2017/05/06/buffett-american-express-profiting-from-platinum-card-ceo-ken-chenault.html?cmpid=prn_benz,2017-05-06,AXP,foxbusiness,"VideoAmerican Express (NYSE:AXP) CEO Ken Chenault said Saturday he would like to see more growth in the economy.‚ÄúAt the end of the day we feel good about our performance because we have a very diversified business platform,‚Äù Chenault told FOX Business‚Äô Liz Claman at the annual Berkshire Hathaway (NYSE:BRK.A) shareholder meeting in Omaha, Neb. ‚ÄúMost of the growth is really being generated by the actions that we‚Äôre taking in the marketplace.‚ÄùThe Amex CEO said the company‚Äôs first quarter was ‚Äúvery, very good‚Äù and is optimistic about the momentum the business is building.According to Chenault, the company has also seen success with its Platinum card, a premium travel reward credit card with an annual fee of $550. Users of Platinum are able to receive $200 in annual Uber credits, a $200 airline fee credit and 5X Membership Rewards points on flights and eligible hotels booked directly with airlines or with American Express Travel.‚Äú2016 was the best year in the history of Platinum, in terms of both cards and spend. So we feel very good about the Platinum,‚Äù he said."
5744,Merck Snags Baxter Executive As CFO,http://www.foxbusiness.com/industries/2014/03/27/merck-appoints-former-baxter-executive-as-cfo/,2014-03-27,BAX,foxbusiness,
5745,Baxter to Split Itself into Two Companies,http://www.foxbusiness.com/industries/2014/03/27/baxter-to-split-itself-into-two-companies/,2014-03-27,BAX,foxbusiness,
9599,Leaked Documents Show Uber's Cost Structure,http://www.foxbusiness.com/industries/2015/08/28/leaked-documents-show-ubers-cost-structure-best-performing-cities/,2015-08-28,BLK,foxbusiness,
9633,"U.S. Equity Futures Flat Ahead of Yellen, Earnings",http://www.foxbusiness.com/markets/2015/07/15/us-equity-futures-higher-ahead-yellen-earnings/,2015-07-15,BLK,foxbusiness,
9661,Wall Street Execs Take Aim at O'Malley Campaign Hypocrisy,http://www.foxbusiness.com/business-leaders/2015/06/03/wall-street-execs-take-aim-at-omalley-campaign-hypocrisy/,2015-06-03,BLK,foxbusiness,
9666,Activist : Long-Term Reformers or Corporate Raiders,http://www.foxbusiness.com/business-leaders/2015/05/29/long-term-reformers-or-corporate-raiders-today-activist-investors/,2015-06-01,BLK,foxbusiness,
9690,Mary Pat Christie Has Quit Her Wall Street Job,http://www.foxbusiness.com/business-leaders/2015/04/24/mary-pat-christie-has-quit-her-job-on-wall-street/,2015-04-24,BLK,foxbusiness,
9730,Jeb Bush's Wall Street Advantage,http://www.foxbusiness.com/business-leaders/2015/03/25/jeb-bush-wall-street-advantage/,2015-03-25,BLK,foxbusiness,
9734,Starbucks' Investors Mum on Race Relations Plan,http://www.foxbusiness.com/business-leaders/2015/03/23/starbucks-race-relations/,2015-03-23,BLK,foxbusiness,
9743,Nelson Peltz's Trian Partners: BNY Mellon CEO Keeps His Post,http://www.foxbusiness.com/industries/2015/03/12/nelson-peltzs-trian-partners-bny-mellon-chief-exec-keeps-his-post/,2015-03-12,BLK,foxbusiness,
9775,Davos: A Wasted Opportunity Amid Global Struggle,http://www.foxbusiness.com/economy-policy/2015/01/21/davos-wasted-opportunity-amid-global-struggle/,2015-01-21,BLK,foxbusiness,
9802,Making Money With Charles Payne: 01/02/15,http://www.foxbusiness.com/investing/2015/01/02/making-money-with-charles-payne-010214/,2015-01-02,BLK,foxbusiness,
9874,SEC Poised to End Staple for Some Money Funds,http://www.foxbusiness.com/markets/2014/07/23/seeking-to-ease-threats-sec-is-poised-to-end-1-share-for-some-riskier-money/,2014-07-22,BLK,foxbusiness,
9881,Citigroup Leads Parade of Bank Earnings Next Week,http://www.foxbusiness.com/economy-policy/2014/07/11/citigroup-leads-parade-bank-earnings-next-week/,2014-07-11,BLK,foxbusiness,
9893,Uber Becomes Most-Valuable Startup,http://www.foxbusiness.com/technology/2014/06/06/uber-becomes-most-valuable-startup-at-17-billion/,2014-06-06,BLK,foxbusiness,
9895,Uber Looking to Raise $500M at $12B Valuation?,http://www.foxbusiness.com/technology/2014/05/22/report-uber-looking-to-raise-500-million-at-12-billion-valuation/,2014-05-22,BLK,foxbusiness,
9908,Report: Investors to Buy NBA's Bucks for $550M,http://www.foxbusiness.com/industries/2014/04/16/report-hedge-fund-billionaires-to-buy-nba-bucks-for-550m/,2014-04-16,BLK,foxbusiness,
9909,TIAA-CREF to Buy Nuveen in $6.3B Deal,http://www.foxbusiness.com/industries/2014/04/14/tiaa-cref-to-buy-nuveen-investments-in-63b-deal/,2014-04-14,BLK,foxbusiness,
9910,Week Ahead: Loads of Bank Earnings,http://www.foxbusiness.com/economy-policy/2014/04/11/week-ahead-lots-bank-earnings/,2014-04-11,BLK,foxbusiness,
9911,Dropbox Recruits Condi Rice to Board of Directors,http://www.foxbusiness.com/business-leaders/2014/04/10/dropbox-recruits-condi-rice-to-board-directors/,2014-04-10,BLK,foxbusiness,
9912,Barclays' Knapp Jumps to BlackRock,http://www.foxbusiness.com/business-leaders/2014/04/08/barclays-knapp-jumps-to-blackrock-to-build-new-team/,2014-04-08,BLK,foxbusiness,
9913,BlackRock Shifts Executive Ranks,http://www.foxbusiness.com/industries/2014/04/07/blackrock-shakes-up-management-amid-succession-planning/,2014-04-07,BLK,foxbusiness,
9918,BlackRock's Fink: Focus on Long-Term Growth,http://www.foxbusiness.com/business-leaders/2014/03/26/blackrock-larry-fink-wants-focus-on-long-term-growth/,2014-03-26,BLK,foxbusiness,
9922,BlackRock Hires New Stock Investment Chief,http://www.foxbusiness.com/business-leaders/2014/03/17/jpmorgan-jones-jumps-to-blackrock-as-stock-investment-chief/,2014-03-17,BLK,foxbusiness,
11454,Making Money With Charles Payne: 04/23/15,http://www.foxbusiness.com/investing/2015/04/23/making-money-with-charles-payne-042315-1311621372/,2015-04-23,BSX,foxbusiness,
13288,Summer Stocks for Your Portfolio,http://www.foxbusiness.com/investing/2015/05/22/summer-stocks-for-your-portfolio/,2015-05-22,CAG,foxbusiness,
13293,The 'Organic' Game Is On,http://www.foxbusiness.com/industries/2015/05/15/organic-game-is-on/,2015-05-15,CAG,foxbusiness,
13295,Did Beyonc√© and Jay-Z Kick Off a Vegan Craze?,http://www.foxbusiness.com/industries/2015/05/13/beyonce-and-jay-z-kick-off-vegan-craze/,2015-05-13,CAG,foxbusiness,
13459,ConAgra Swings to 4Q Loss on Private Label Weakness,http://www.foxbusiness.com/industries/2014/06/26/conagra-revenue-beats-estimates-as-commercial-food-sales-rise/,2014-06-26,CAG,foxbusiness,
13462,It Might be Time to Cash-In on Your Profits from Oil-Related Stocks,http://www.foxbusiness.com/investing/2014/06/20/it-might-be-time-to-cash-in-on-your-profits-from-oil-related-stocks/,2014-06-20,CAG,foxbusiness,
13469,ConAgra Cuts Fourth-Quarter Outlook,http://www.foxbusiness.com/industries/2014/06/18/conagra-estimates-fourth-qtr-profit-below-forecast/,2014-06-18,CAG,foxbusiness,
13483,ConAgra 3Q Profit Tops Estimates as Sales Climb,http://www.foxbusiness.com/industries/2014/03/20/conagra-quarterly-profit-beats-analysts-lowered-expectations/,2014-03-20,CAG,foxbusiness,
15539,Universal Health Services CEO: ObamaCare Ruling No Surprise,http://www.foxbusiness.com/business-leaders/2015/06/25/universal-health-services-ceo-obamacare-ruling-no-surprise/,2015-06-25,CI,foxbusiness,
15751,Making Money With Charles Payne: 11/24/14,http://www.foxbusiness.com/investing/2014/11/21/making-money-with-charles-payne-112414/,2014-11-21,CI,foxbusiness,
17539,"As Oil Plunges, Energy Sector Hits Wall Street",http://www.foxbusiness.com/markets/2015/08/03/us-stocks-on-pace-to-kick-off-week-step-lower/,2015-08-03,CLX,foxbusiness,
17599,Making Money With Charles Payne: 04/24/15,http://www.foxbusiness.com/investing/2015/04/24/making-money-with-charles-payne-042415/,2015-04-24,CLX,foxbusiness,
17650,Making Money With Charles Payne: 02/04/15,http://www.foxbusiness.com/investing/2015/02/04/making-money-with-charles-payne-020415/,2015-02-04,CLX,foxbusiness,
17665,Making Money With Charles Payne: 01/30/15,http://www.foxbusiness.com/investing/2015/02/02/making-money-with-charles-payne-013015/,2015-02-02,CLX,foxbusiness,
17702,Making Money With Charles Payne: 11/17/14,http://www.foxbusiness.com/investing/2014/11/17/making-money-with-charles-payne-111714/,2014-11-17,CLX,foxbusiness,
17721,Making Money With Charles Payne: 10/08/14,http://www.foxbusiness.com/investing/2014/10/09/making-money-with-charles-payne-100814/,2014-10-09,CLX,foxbusiness,
17723,Making Money With Charles Payne: 10/0614,http://www.foxbusiness.com/investing/2014/10/06/making-money-with-charles-payne-100614/,2014-10-06,CLX,foxbusiness,
19333,Centene to expand ObamaCare presence while other insurers flee,http://www.foxbusiness.com/markets/2017/06/13/centene-to-expand-obamacare-presence-while-other-insurers-flee.html?cmpid=prn_benz,2017-06-13,CNC,foxbusiness,"While many insurers are debating whether to participate in the ObamaCare marketplace at all in 2018, one health insurance company ‚Äì Centene (NYSE:CNC) ‚Äì said¬†Tuesday¬†it will expand its offerings in the coming year despite marketplace instability and policy uncertainties.""Centene recognizes there is uncertainty of new healthcare legislation, but we are well positioned to continue providing accessible, high quality and culturally-sensitive healthcare services to our members,"" Michael F. Neidorff, Centene CEO, said in a statement¬†Tuesday. ""Centene has demonstrated disciplined execution, agility and capacity to successfully navigate industry changes to the benefit of our members, customers and shareholders.""In 2018 Centene will enter three new state markets: Kansas, Missouri and Nevada. It will also expand service in six of its existing markets: Florida, Georgia, Indiana, Ohio, Texas and Washington.The company has been expanding its footprint under the Affordable Care Act steadily over recent years and says it served 1.2 million members on the ObamaCare marketplace as of March, doubling its consumer base from December 2016.Centene, however, is bucking a widespread trend in the insurance marketplace, where companies have fled over policy uncertainty and rising costs. Already this year, Aetna (NYSE:AET) and Humana (NYSE:HUM) announced they would not be offering coverage for customers on the marketplace in 2018, citing instability and the damaging costs of exchange participation.More on this...Anthem to exit ObamaCare marketplace in OhioAnthem weighing ObamaCare exit as uncertainty growsBlue Cross Blue Shield of Kansas City pulls out of ObamaCareA big source of tension for insurers is whether the government will continue to fund cost-sharing reduction (CSR) subsidies, or subsidies paid to health insurers for discounted care provided to low income individuals. Republicans have alleged the subsidies are unconstitutional and the matter has been taken up in the courts. However, the Trump administration delayed a ruling on CSRs last month and has committed to continuing to fund the subsidies until a decision is reached.In the meantime, the GOP is attempting to advance its effort to repeal and replace the Affordable Care Act, which passed the House of Representatives last month and will be sent next to the Senate for amendments and another round of voting."
21328,United Airlines CEO Suffers Heart Attack,http://www.foxbusiness.com/business-leaders/2015/10/16/united-airlines-ceo-suffers-heart-attack/,2015-10-16,CSX,foxbusiness,
21493,Will New Safety Rules Prevent More Oil Train Accidents?,http://www.foxbusiness.com/industries/2015/05/12/will-new-safety-rules-derail-increasing-oil-train-accidents/,2015-05-12,CSX,foxbusiness,
21513,Making Money With Charles Payne: 04/24/15,http://www.foxbusiness.com/investing/2015/04/24/making-money-with-charles-payne-042415/,2015-04-24,CSX,foxbusiness,
21522,Making Money With Charles Payne: 04/17/15,http://www.foxbusiness.com/investing/2015/04/17/making-money-with-charles-payne-041715/,2015-04-17,CSX,foxbusiness,
21528,Making Money With Charles Payne: 04/15/15,http://www.foxbusiness.com/investing/2015/04/15/making-money-with-charles-payne-041515/,2015-04-15,CSX,foxbusiness,
21608,Making Money With Charles Payne: 01/27/15,http://www.foxbusiness.com/investing/2015/01/27/making-money-with-charles-payne-012715/,2015-01-27,CSX,foxbusiness,
21627,Want to Know What's Ahead? Listen to What Rail is Saying,http://www.foxbusiness.com/industries/2015/01/14/want-to-know-what-ahead-listen-to-what-rail-is-telling-us/,2015-01-14,CSX,foxbusiness,
21688,Making Money With Charles Payne: 10/22/14,http://www.foxbusiness.com/investing/2014/10/22/making-money-with-charles-payne-102214/,2014-10-22,CSX,foxbusiness,
21698,Weaker IBM Earnings Weigh on Stocks,http://www.foxbusiness.com/markets/2014/10/20/us-equity-futures-higher-ahead-earnings-deluge/,2014-10-20,CSX,foxbusiness,
21703,Weak Economic Data Slams Wall Street,http://www.foxbusiness.com/markets/2014/10/15/futures-flat-ahead-retail-sales-data/,2014-10-15,CSX,foxbusiness,
21708,Making Money With Charles Payne: 10/14/14,http://www.foxbusiness.com/investing/2014/10/14/making-money-with-charles-payne-101414/,2014-10-14,CSX,foxbusiness,
21712,Making Money With Charles Payne: 10/13/14,http://www.foxbusiness.com/investing/2014/10/14/making-money-with-charles-payne-101314/,2014-10-13,CSX,foxbusiness,
21736,Frigid Winter Fuels Rail Shipments of Coal,http://www.foxbusiness.com/industries/2014/07/25/frigid-winter-fuels-rail-shipments-coal/,2014-07-25,CSX,foxbusiness,
21738,Unorthodox Metrics Show the Economy is Chugging Along,http://www.foxbusiness.com/investing/2014/07/23/unorthodox-economic-gauges-show-economy-is-chugging-along/,2014-07-23,CSX,foxbusiness,
21763,Dow Transports Drive to New Highs,http://www.foxbusiness.com/markets/2014/05/28/dow-transports-drive-to-new-highs/,2014-05-28,CSX,foxbusiness,
21764,"Dow Transports Slump on Profit Taking, Economic Worries",http://www.foxbusiness.com/markets/2014/05/14/dow-transports-slump-on-profit-taking-economic-worries/,2014-05-14,CSX,foxbusiness,
21769,Norfolk Southern Earnings Drop Amid Coal Weakness,http://www.foxbusiness.com/industries/2014/04/23/norfolk-southern-earnings-drop-amid-coal-weakness/,2014-04-23,CSX,foxbusiness,
24223,Could Dow 16K Be on the Way?,http://www.foxbusiness.com/investing/2014/08/08/markets-ends-in-flat-week/,2014-08-08,D,foxbusiness,
24226,Wall Street Finally Breaks Out,http://www.foxbusiness.com/investing/2014/07/03/wall-street-finally-breaks-out/,2014-07-03,D,foxbusiness,
25409,Financial Stocks Look Great in Market Mayhem,http://www.foxbusiness.com/investing/2015/09/02/stock-slide-can-be-silver-lining-for-financial-stocks/,2015-09-02,DFS,foxbusiness,
25628,College Students: Don't Count on Bank of Mom and Dad,http://www.foxbusiness.com/personal-finance/2014/06/26/college-students-dont-count-on-bank-mom-and-dad/,2014-06-26,DFS,foxbusiness,
27323,Spinoffs Will Drive M&A Decisions in '16,http://www.foxbusiness.com/markets/2015/12/31/pre-planned-divestitures-will-drive-ma-decisions-in-16/,2015-12-31,DOW,foxbusiness,
27324,Pre-Planned Spinoffs Will Drive M&A Decisions in '16,http://www.foxbusiness.com/markets/2015/12/31/pre-planned-divestitures-will-drive-ma-decisions-in-16/,2015-12-31,DOW,foxbusiness,
27365,Oil's Plunge Sends Markets Reeling,http://www.foxbusiness.com/markets/2015/12/11/oils-plunge-sends-markets-reeling-on-oversupply-worries/,2015-12-11,DOW,foxbusiness,
27375,"Stocks Set for Sharp Weekly Drop, Energy, Materials Drag",http://www.foxbusiness.com/markets/2015/12/11/futures-slightly-higher-china-stocks-drop/,2015-12-11,DOW,foxbusiness,
27386,Volatile Session Ends in Red as Oil Falls,http://www.foxbusiness.com/markets/2015/12/09/us-futures-rise-china-stocks-inch-up/,2015-12-09,DOW,foxbusiness,
27474,"GMOs: The Good, The Bad, and The Really Ugly",http://www.foxbusiness.com/personal-finance/2015/09/22/truth-about-gmos-good-bad-and-really-ugly/,2015-09-22,DOW,foxbusiness,
27765,Making Money With Charles Payne: 12/11/14,http://www.foxbusiness.com/investing/2014/12/11/making-money-with-charles-payne-121114/,2014-12-11,DOW,foxbusiness,
27776,"Stocks Rally on China Rate Cut, Dovish Draghi",http://www.foxbusiness.com/markets/2014/11/21/us-stocks-futures-rally-on-chinese-rate-cuts-dovish-draghi/,2014-11-21,DOW,foxbusiness,
27783,Dow Chemical Exec Inspires Girls Through STEM,http://www.foxbusiness.com/business-leaders/2014/11/14/dow-chemical-exec-inspires-through-stem-education/,2014-11-14,DOW,foxbusiness,
27785,"Where's Your Dividend, Warren Buffett?",http://www.foxbusiness.com/markets/2014/11/13/where-your-dividend-warren-buffett/,2014-11-13,DOW,foxbusiness,
27823,Making Money With Charles Payne: 08/29/14,http://www.foxbusiness.com/investing/2014/09/03/making-money-with-charles-payne-08214/,2014-09-03,DOW,foxbusiness,
27846,Dow Chemical to Break Ground on Major TX Facility,http://www.foxbusiness.com/industries/2014/06/25/dow-chemical-to-break-ground-on-major-texas-plastics-facility/,2014-06-25,DOW,foxbusiness,
27859,PetroLogistics Taken Private in $2.1B Deal,http://www.foxbusiness.com/industries/2014/05/28/petrologistics-taken-private-in-21b-deal/,2014-05-28,DOW,foxbusiness,
30117,Wall Street Erases Steep Losses,http://www.foxbusiness.com/markets/2015/07/07/futures-higher-with-greece-trade-data-in-focus/,2015-07-07,DUK,foxbusiness,
30143,KPMG Summit Aims to Put More Women in the C-Suite,http://www.foxbusiness.com/business-leaders/2015/06/11/kpmg-summit-aims-to-put-more-women-in-c-suite/,2015-06-11,DUK,foxbusiness,
30305,Making Money With Charles Payne: 11/24/14,http://www.foxbusiness.com/investing/2014/11/21/making-money-with-charles-payne-112414/,2014-11-21,DUK,foxbusiness,
30406,Duke Energy Swings to 1Q Loss on Writedown,http://www.foxbusiness.com/industries/2014/05/07/duke-energy-swings-to-1q-loss-on-write-down/,2014-05-07,DUK,foxbusiness,
32011,Will Madden NFL 18 score for Electronic Arts?,http://www.foxbusiness.com/features/2017/08/24/will-madden-nfl-18-score-for-electronic-arts.html?cmpid=prn_benz,2017-08-24,EA,foxbusiness,"A slight downtick in expert review scores for this year‚Äôs edition of the ‚ÄúMadden NFL‚Äù video game could impede sales for Electronic Arts‚Äô (NASDAQ:EA) flagship franchise, but not enough to spook investors, according to one analyst.‚ÄúMadden NFL 18‚Äù garnered an average ‚ÄúMetacritic‚Äù rating of 80.5, with reviewers touting the addition of cinematic ‚ÄúLongshot‚Äù story made and improved graphics. However, that rating, while solid, is down slightly from the 83.5 mark that last year‚Äôs game achieved, as well as the ‚ÄúMadden‚Äù franchise‚Äôs 10-year average of 82, PiperJaffray research analyst Michael Olson wrote in an Aug. 22 note to investors.‚ÄúWhile some investors may be expecting a year-over-year uptick in Madden sales, we remain comfortable with our estimate for 5.5 million units (flat year-over-year). ‚Ä¶ Overall, we think the lower metacritic scores for Madden this year are not a material negative, but suggest the title is unlikely to be a source of revenue outperformance,‚Äù Olson wrote.More on this...NFL, Electronic Arts launch ‚ÄòMadden 18‚Äô video game tournamentColin Kaepernick supporters to protest outside NFL headquartersKaepernick supporters to protest outside NFL headquarters in New YorkESPN under fire for pulling announcer from UVA gameThis year‚Äôs game is the 29th installment of the ‚ÄúMadden‚Äù franchise and features New England Patriots quarterback Tom Brady as its cover athlete. The ‚ÄúLongshot‚Äù story mode ‚Äì the first of its kind for Madden ‚Äì features voice-acting from Academy Award-winning actor Mahershala Ali.Aside from the new game mode, Electronic Arts recently announced the launch of ‚ÄúMadden NFL Club Championship,‚Äù an online eSports tournament involving all 32 NFL teams. Olson argues Madden sales totals could exceed expectations given the buzz around the ‚ÄúLongshot‚Äù and a potential ‚Äúmarketing halo‚Äù from the competitive gaming initiative.Strong console sales could also drive digital revenue from Madden ‚ÄúUltimate Team,‚Äù a game mode that allows players to buy card packs and items to customize their teams, Olson added.Electronic Arts gave a lukewarm sales forecast for its current fiscal quarter last July, projecting revenue of $1.16 billion, below analyst expectations. Both Madden and the popular ‚ÄúFIFA‚Äù soccer franchise are set to release their latest versions this quarter.However, the video game company is enjoying a strong 2017, with shares rising nearly 50% since January."
32537,"Stocks Climb Back, Oil Prices Shed Gains",http://www.foxbusiness.com/markets/2015/10/07/futures-jump-asian-shares-hit-seven-week-high/,2015-10-07,EA,foxbusiness,
32545,Women Soccer Players May Kick Up Sales of FIFA '16,http://www.foxbusiness.com/industries/2015/09/22/women-soccer-players-may-kick-up-sales-fifa-16/,2015-09-22,EA,foxbusiness,
34036,Playing Snow and Cold Pain for Quick Gains,http://www.foxbusiness.com/industries/2015/02/02/playing-snow-and-cold-pain-for-quick-gains/,2015-02-02,ED,foxbusiness,
34043,Making Money With Charles Payne: 01/27/15,http://www.foxbusiness.com/investing/2015/01/27/making-money-with-charles-payne-012715/,2015-01-27,ED,foxbusiness,
35712,Making Money With Charles Payne: 05/12/15,http://www.foxbusiness.com/investing/2015/05/12/making-money-with-charles-payne-051215/,2015-05-12,EW,foxbusiness,
35858,Making Money With Charles Payne: 10/10/14,http://www.foxbusiness.com/investing/2014/10/10/making-money-with-charles-payne-100814/,2014-10-10,EW,foxbusiness,
41992,FBN Announces Moderators for GOP Primary Debates,http://www.foxbusiness.com/industries/2016/01/05/fox-business-network-announces-moderators-for-gop-primary-debates-on-jan-14/,2016-01-05,FOXA,foxbusiness,
55111,Making Money With Charles Payne: 01/23/15,http://www.foxbusiness.com/investing/2015/01/23/making-money-with-charles-payne-012315/,2015-01-23,KMB,foxbusiness,
56813,"Kim Kardashian West gets birthday wish, a Kroger supermarket all to herself‚Äîfor free",http://www.foxbusiness.com/features/2017/11/16/kim-kardashian-west-gets-birthday-wish-kroger-supermarket-all-to-herself-for-free.html?cmpid=prn_benz,2017-11-16,KR,foxbusiness,"Kroger Co. (NYSE:KR) tells FOX Business that it‚Äôs trying to close one of its California-based Ralphs grocery stores so Kim Kardashian West can go shopping for an hour in peace.And it won't cost the reality star a penny‚Äîexcept for the groceries.A spokesperson for Kroger says they heard about the star‚Äôs birthday wish on The Ellen Show Wednesday when she told host Ellen DeGeneres that all she wants is to buy groceries without getting mobbed.‚ÄúWhat I really asked for my birthday, you guys ‚Äî this sounds so crazy and it might be really bratty, and unrelatable, so I'm sorry ‚Äî but I asked for, I said, ‚ÄòCan someone just rent out Ralphs for me for one hour?‚Äô‚Äù Kardashian West said.Kroger says it's working on contacting Kardashian West's team to offer the private shopping session for free.More on this...How this style startup got Kim Kardashian West as an advisorThe now 37-year-old says she loves going grocery shopping but hasn‚Äôt had the opportunity to go in ‚Äúyears‚Äù because of her celebrity status.‚ÄúI just want to go to Ralphs with my kid in the cart and go through every aisle,‚Äù she added.The last time the ‚ÄúKeeping Up with the Kardashians‚Äù star was seen at a grocery store was in 2015 at Amazon‚Äôs (NASDAQ:AMAZN) Whole Foods with her then six-year-old nephew, Mason.It's been too long,@KimKardashian! Just let us know when and where you and@TheEllenShowwant to shop, and the store is all yours. We've got a cart with your name on it üòâ‚Äî Ralphs Grocery (@RalphsGrocery)November 16, 2017"
56830,Kroger shares rise as company says it is mulling sale of convenience stores,http://www.foxbusiness.com/markets/2017/10/11/kroger-shares-rise-as-company-says-it-is-mulling-sale-convenience-stores.html?cmpid=prn_benz,2017-10-11,KR,foxbusiness,"U.S. grocer Kroger (NYSE:KR) said on Wednesday that it is considering a potential sale of its convenience store business, which includes franchises such as KwikShop and QuickStop.Kroger operates 784 convenience stores across 18 states and employs 11,000 people, according to the company. In 2016, Kroger‚Äôs said this unit of its business generated $1.4 billion.""Our convenience stores are strong, successful and growing with the potential to grow even more,"" said Mike Schlotman, Kroger's executive vice president and CFO, in a press release. ""We want to look at all options to ensure this part of the business is meeting its full potential. Considering the current premium multiples for convenience stores, we feel it is our obligation as a management team to undertake this review.""Kroger said it has begun exploring ‚Äústrategic alternatives‚Äù for its convenience store unit because it has determined these assets ‚Äúare potentially of more value outside of the company than as part of Kroger.‚Äù The company has hired Goldman Sachs to help guide it through the decision-making process.The announcement comes amid increased competition in the grocery aisle from Whole Foods (NYSE:WFM), which was taken over by tech giant Amazon (NASDAQ:AMZN) this year, and Wal-mart (NYSE:WMT), which is expanding pick-up options for its grocery division.Shares of Kroger rose as much as 6% on the news, but were up about 3% as of mid-morning on Wednesday."
57616,Invest in Companies that Only Sell in the U.S.?,http://www.foxbusiness.com/investing/2015/09/04/invest-in-companies-that-only-sell-in-us/,2015-09-04,KR,foxbusiness,
57799,Making Money With Charles Payne: 04/20/15,http://www.foxbusiness.com/investing/2015/04/20/making-money-with-charles-payne-042015/,2015-04-20,KR,foxbusiness,
57868,Making Money With Charles Payne: 03/05/15,http://www.foxbusiness.com/investing/2015/03/06/making-money-with-charles-payne-030515/,2015-03-06,KR,foxbusiness,
58100,A 'Big and Strong' Stock Play,http://www.foxbusiness.com/investing/2014/11/07/big-and-strong-stock-play/,2014-11-07,KR,foxbusiness,
58128,Making Money With Charles Payne: 10/07/14,http://www.foxbusiness.com/investing/2014/10/07/making-money-with-charles-payne-100714/,2014-10-07,KR,foxbusiness,
58177,A Stock Play to Help You Sleep at Night,http://www.foxbusiness.com/investing/2014/07/17/energy-and-defensive-stock-plays-for-right-now/,2014-07-17,KR,foxbusiness,
58196,Mid-Market Report: Kroger Buys Online Retailer Vitacost,http://www.foxbusiness.com/markets/2014/07/07/mid-market-report-kroger-buys-online-retailer-vitacost/,2014-07-07,KR,foxbusiness,
58202,It's Not Just Consumers Getting Pinched by Higher Prices,http://www.foxbusiness.com/economy-policy/2014/07/02/its-not-just-consumers-getting-pinched-by-higher-prices/,2014-07-02,KR,foxbusiness,
58220,Harris Teeter Buy Helps Kroger Post 1Q Beat,http://www.foxbusiness.com/industries/2014/06/19/kroger-profit-beats-estimates-helped-by-harris-teeter-buy/,2014-06-19,KR,foxbusiness,
58242,From Dog House to Nut House,http://www.foxbusiness.com/business-leaders/2014/05/23/from-dog-house-to-nut-house/,2014-05-23,KR,foxbusiness,
60610,Making Money With Charles Payne: 01/14/15,http://www.foxbusiness.com/investing/2015/01/14/making-money-with-charles-payne-011415/,2015-01-14,LEN,foxbusiness,
60678,Making Money With Charles Payne: 11/18/14,http://www.foxbusiness.com/investing/2014/11/18/making-money-with-charles-payne-111814/,2014-11-18,LEN,foxbusiness,
60685,Making Money With Charles Payne: 11/14/14,http://www.foxbusiness.com/investing/2014/11/14/making-money-with-charles-payne-111414/,2014-11-14,LEN,foxbusiness,
60713,Making Money With Charles Payne: 10/13/14,http://www.foxbusiness.com/investing/2014/10/14/making-money-with-charles-payne-101314/,2014-10-13,LEN,foxbusiness,
60775,"When Rate Hikes Come, They Will Ripple Across U.S. Economy",http://www.foxbusiness.com/investing/2014/08/08/when-rate-hikes-come-will-ripple-across-us-economy/,2014-08-08,LEN,foxbusiness,
60792,Construction Jobs Hit Five-Year High,http://www.foxbusiness.com/economy-policy/2014/07/02/construction-jobs-hit-five-year-high/,2014-07-02,LEN,foxbusiness,
60800,KB Home Posts 2Q Profit as Selling Prices Rise,http://www.foxbusiness.com/industries/2014/06/27/kb-home-posts-2q-profit-as-selling-prices-rise/,2014-06-27,LEN,foxbusiness,
60805,Lennar Posts Profit Beat,http://www.foxbusiness.com/industries/2014/06/26/lennar-profit-beats-estimates-on-higher-home-prices-41617992/,2014-06-26,LEN,foxbusiness,
60838,Buying a Home Could Become Easier for Some,http://www.foxbusiness.com/industries/2014/05/13/buying-home-could-become-easier-for-some/,2014-05-13,LEN,foxbusiness,
60872,Lennar's Profits Jump 36% on Higher Prices,http://www.foxbusiness.com/industries/2014/03/20/lennar-profit-jumps-as-it-sells-more-homes-at-higher-prices/,2014-03-20,LEN,foxbusiness,
60875,KB Home Turns 1Q Profit Amid Higher Prices,http://www.foxbusiness.com/industries/2014/03/19/kb-home-posts-profit-higher-orders/,2014-03-19,LEN,foxbusiness,
62546,Southwest offers tickets as low as $42 in flash sale,http://www.foxbusiness.com/markets/2017/07/27/southwest-offers-tickets-as-low-as-42-in-flash-sale.html?cmpid=prn_benz,2017-07-27,LUV,foxbusiness,"No-frills airline Southwest (NYSE:LUV) is offering travelers the chance to snag tickets on both international and domestic flights at steep discounts, in a new flash sale that will run through Thursday night.Customers flying between August 22 and December 13 of this year can take advantage of the sale, though restrictions and blackout dates apply. For example, domestic travel is not valid on Fridays and Sundays, according to the airline.Passengers traveling from Los Angeles to Las Vegas can buy a ticket for as low as $42. A ticket on the route from Boston to Atlanta's Hartsfield-Jackson International Airport √¢‚Ç¨‚Äú the busiest airport in the world √¢‚Ç¨‚Äú can cost a budget-conscious traveler $58.More from FOX BusinessTSA toughens rules on electronics at US airportsAmerican Airlines workers protest in Dallas over outsourcing, contractsFrontier Airlines offers $24 tickets for limited-time onlyA ticket for a short flight (35 minutes) from Ft. Lauderdale (FLL) to Orlando sells for as low as $45. The cost for an international flight from FLL to the Cayman Islands can be found for as low as $59.Southwest, America's fourth-largest airline by passenger traffic, reported second-quarter earnings Thursday, beating Wall Street analyst expectations."
64139,Trump: 'Icahn Could Turn U.S. Trade Deals Around',http://www.foxbusiness.com/business-leaders/2015/08/20/trump-icahn-could-turn-us-trade-deals-around/,2015-08-20,MDLZ,foxbusiness,
64232,Snackwell's Cookies are Going 'Back to Nature',http://www.foxbusiness.com/industries/2015/05/21/snackwells-cookies-are-going-back-to-nature/,2015-05-21,MDLZ,foxbusiness,
64288,Kraft Foods Can Bring Home the Bacon for Investors,http://www.foxbusiness.com/investing/2015/03/18/kraft-foods-can-bring-home-bacon-for-investors/,2015-03-18,MDLZ,foxbusiness,
64359,"Starbucks Turns 4Q Profit, Outlook Misses",http://www.foxbusiness.com/industries/2014/10/30/starbucks-reports-earnings/,2014-10-30,MDLZ,foxbusiness,
64395,Video Ad Firm Tubemogul Surges in Trading Debut,http://www.foxbusiness.com/technology/2014/07/18/video-advertising-software-tubemogul-surges-in-trading-debut/,2014-07-18,MDLZ,foxbusiness,
64401,Marissa Mayer Overslept for a Big Meeting,http://www.foxbusiness.com/technology/2014/06/23/marissa-mayer-overslept-for-big-meeting/,2014-06-23,MDLZ,foxbusiness,
64417,"Mondelez, Master Blenders in Coffee Pact",http://www.foxbusiness.com/industries/2014/05/07/mondelez-de-master-blenders-to-combine-coffee-businesses/,2014-05-07,MDLZ,foxbusiness,
64441,"Instagram, Omnicom Strike 'Creative' Ad Deal",http://www.foxbusiness.com/technology/2014/03/10/instagram-omnicom-strike-creative-ad-deal/,2014-03-10,MDLZ,foxbusiness,
66768,Will Health Tech Really Make Us Healthier?,http://www.foxbusiness.com/technology/2015/04/15/will-health-tech-really-make-us-healthier/,2015-04-15,MDT,foxbusiness,
66791,Making Money With Charles Payne: 03/31/15,http://www.foxbusiness.com/investing/2015/03/31/making-money-with-charles-payne-033115/,2015-03-31,MDT,foxbusiness,
66813,Erin Go Bragh! American Companies See Green in Ireland,http://www.foxbusiness.com/economy-policy/2015/03/16/erin-go-bragh-american-companies-see-green-in-ireland/,2015-03-17,MDT,foxbusiness,
66863,Making Money With Charles Payne: 02/16/15,http://www.foxbusiness.com/investing/2015/02/16/making-money-with-charles-payne-021615/,2015-02-16,MDT,foxbusiness,
66981,JPM Denies Report of Second Hack Attack,http://www.foxbusiness.com/industries/2014/10/02/jpm-denies-report-second-hack-attack/,2014-10-02,MDT,foxbusiness,
66993,Washington's Inversion Perversion? Try‚Ä¶Intrusion,http://www.foxbusiness.com/economy-policy/2014/09/23/washingtons-inversion-perversion-tryintrusion/,2014-09-23,MDT,foxbusiness,
66996,EMCORE Selling Space Solar Business to Veritas Capital,http://www.foxbusiness.com/markets/2014/09/22/emcore-selling-space-solar-business-to-veritas-capital/,2014-09-22,MDT,foxbusiness,
67022,"IRS, Eh? Tim Hortons Deal Could Lower Burger King's Tax Bill",http://www.foxbusiness.com/industries/2014/08/25/burger-king-in-talks-to-buy-tim-hortons/,2014-08-25,MDT,foxbusiness,
67057,FT: 25 More Firms May Seek Tax Breaks Overseas,http://www.foxbusiness.com/economy-policy/2014/07/22/ft-senator-warns-many-more-firms-may-seek-tax-breaks-overseas/,2014-07-22,MDT,foxbusiness,
67058,Will Congress Scuttle the AbbVie-Shire Merger?,http://www.foxbusiness.com/industries/2014/07/18/abbvie-shire-deal-highlights-fight-over-corporate-taxes/,2014-07-18,MDT,foxbusiness,
67066,"In Pursuit of Shire, AbbVie Eyes Lower Taxes in UK",http://www.foxbusiness.com/industries/2014/07/08/in-pursuit-shire-abbvie-eyes-lower-taxes-in-uk/,2014-07-08,MDT,foxbusiness,
67072,S&P: Cut Corporate Taxes to Create 10M New Jobs,http://www.foxbusiness.com/markets/2014/06/26/sp-cut-corporate-taxes-to-create-10m-new-jobs/,2014-06-26,MDT,foxbusiness,
67084,Medtronic Suffered Breach,http://www.foxbusiness.com/industries/2014/06/20/medtronic-suffered-breach-in-2013/,2014-06-20,MDT,foxbusiness,
67099,Medtronic to Buy Covidien for $42.0 Billion,http://www.foxbusiness.com/industries/2014/06/16/medtronic-to-buy-covidien-for-42b/,2014-06-16,MDT,foxbusiness,
67100,U.S. Stocks Fall on Iraq Worries,http://www.foxbusiness.com/markets/2014/06/16/us-stocks-fall-on-iraq-worries/,2014-06-16,MDT,foxbusiness,
67101,"Iraq Instability Pressures Stock Futures, Lifts Oil",http://www.foxbusiness.com/markets/2014/06/16/iraq-instability-pressures-stock-futures-lifts-oil/,2014-06-16,MDT,foxbusiness,
68167,Can Millennial Women Have it All? Maybe?,http://www.foxbusiness.com/industries/2015/09/02/can-millennials-have-it-all-maybe/,2015-09-02,MET,foxbusiness,
68193,"Week Ahead: FOMC Meeting, GDP and More Earnings",http://www.foxbusiness.com/economy-policy/2015/07/24/week-ahead-fomc-meeting-gdp-and-more-earnings/,2015-07-24,MET,foxbusiness,
68214,Bartiromo Exclusive: MetLife Files to Challenge 'Too Big to Fail' Status,http://www.foxbusiness.com/industries/2015/06/16/bartiromo-exclusive-metlife-files-to-challenge-too-big-to-fail-status/,2015-06-16,MET,foxbusiness,
68218,In The Car Taps Nasdaq Exec to Drive Growth,http://www.foxbusiness.com/business-leaders/2015/06/08/fmr-lehman-ceo-fuld-taps-nasdaq-exec-for-in-car/,2015-06-10,MET,foxbusiness,
68233,Life After Lehman: Dick Fuld's Murky Investment Secrets,http://www.foxbusiness.com/business-leaders/2015/05/27/life-after-lehman-fulds-murky-investment-secret/,2015-05-28,MET,foxbusiness,
68287,Making Money With Charles Payne: 03/04/15,http://www.foxbusiness.com/investing/2015/03/04/making-money-with-charles-payne-030415/,2015-03-04,MET,foxbusiness,
68289,Former AIG CEO Benmosche Dies After Battling Cancer,http://www.foxbusiness.com/business-leaders/2015/02/27/former-aig-ceo-bob-benmosche-loses-battle-with-cancer-dies-at-70/,2015-02-27,MET,foxbusiness,
68389,"Week Ahead: April Jobs Report, FOMC Meeting and Earnings",http://www.foxbusiness.com/economy-policy/2014/04/25/week-ahead-april-jobs-report-fomc-meeting-and-earnings/,2014-04-25,MET,foxbusiness,
68394,MetLife To Pay $60M for Licensing Violations,http://www.foxbusiness.com/industries/2014/03/31/metlife-to-pay-60m-fine-for-licensing-violations/,2014-03-31,MET,foxbusiness,
70085,Making Money With Charles Payne: 05/26/15,http://www.foxbusiness.com/investing/2015/05/26/making-money-with-charles-payne-052615/,2015-05-26,NSC,foxbusiness,
70104,Will New Safety Rules Prevent More Oil Train Accidents?,http://www.foxbusiness.com/industries/2015/05/12/will-new-safety-rules-derail-increasing-oil-train-accidents/,2015-05-12,NSC,foxbusiness,
70127,Making Money With Charles Payne: 04/24/15,http://www.foxbusiness.com/investing/2015/04/24/making-money-with-charles-payne-042415/,2015-04-24,NSC,foxbusiness,
70150,Oil Nears $54 Level Ahead of Key Reports,http://www.foxbusiness.com/markets/2015/04/14/oil-spikes-ahead-key-supply-demand-reports/,2015-04-14,NSC,foxbusiness,
70203,Making Money With Charles Payne: 01/27/15,http://www.foxbusiness.com/investing/2015/01/27/making-money-with-charles-payne-012715/,2015-01-27,NSC,foxbusiness,
70224,Want to Know What's Ahead? Listen to What Rail is Saying,http://www.foxbusiness.com/industries/2015/01/14/want-to-know-what-ahead-listen-to-what-rail-is-telling-us/,2015-01-14,NSC,foxbusiness,
70266,Making Money With Charles Payne: 10/01/14,http://www.foxbusiness.com/investing/2014/10/01/making-money-with-charles-payne-100114/,2014-10-01,NSC,foxbusiness,
70282,Frigid Winter Fuels Rail Shipments of Coal,http://www.foxbusiness.com/industries/2014/07/25/frigid-winter-fuels-rail-shipments-coal/,2014-07-25,NSC,foxbusiness,
70299,Dow Transports Drive to New Highs,http://www.foxbusiness.com/markets/2014/05/28/dow-transports-drive-to-new-highs/,2014-05-28,NSC,foxbusiness,
70301,"Dow Transports Slump on Profit Taking, Economic Worries",http://www.foxbusiness.com/markets/2014/05/14/dow-transports-slump-on-profit-taking-economic-worries/,2014-05-14,NSC,foxbusiness,
70307,Norfolk Southern Earnings Drop Amid Coal Weakness,http://www.foxbusiness.com/industries/2014/04/23/norfolk-southern-earnings-drop-amid-coal-weakness/,2014-04-23,NSC,foxbusiness,
71760,Making Money With Charles Payne: 02/11/15,http://www.foxbusiness.com/investing/2015/02/12/making-money-with-charles-payne-021115/,2015-02-11,NTAP,foxbusiness,
71814,Could This 143-Year-Old Innovator Make You Money?,http://www.foxbusiness.com/investing/2014/07/18/could-this-143-year-old-innovator-make-money/,2014-07-18,NTAP,foxbusiness,
74621,Making Money With Charles Payne: 04/15/15,http://www.foxbusiness.com/investing/2015/04/15/making-money-with-charles-payne-041515/,2015-04-15,OXY,foxbusiness,
74779,Permian Oil Surge Creates Need for Pipelines,http://www.foxbusiness.com/industries/2014/08/07/permians-oil-surge-creates-need-for-pipelines/,2014-08-07,OXY,foxbusiness,
74794,Energy Stocks Move Higher as Oil Spikes,http://www.foxbusiness.com/markets/2014/06/12/energy-stocks-move-higher-as-oil-spikes/,2014-06-12,OXY,foxbusiness,
74808,Occidental Posts Stronger Profit as Production Rises,http://www.foxbusiness.com/industries/2014/05/05/occidental-posts-stronger-profit-as-production-rises/,2014-05-05,OXY,foxbusiness,
76816,Cybersecurity Stocks are in Vogue Amid Attacks,http://www.foxbusiness.com/industries/2015/06/05/cybersecurity-stocks-are-en-vogue-as-hackers-continue-to-ratchet-up-attacks/,2015-06-05,PANW,foxbusiness,
76875,Making Money With Charles Payne: 05/6/15,http://www.foxbusiness.com/investing/2015/05/06/making-money-with-charles-payne-05615/,2015-05-06,PANW,foxbusiness,
76918,Making Money With Charles Payne: 04/08/15,http://www.foxbusiness.com/investing/2015/04/08/making-money-with-charles-payne-040815/,2015-04-08,PANW,foxbusiness,
76984,Making Money With Charles Payne: 02/20/15,http://www.foxbusiness.com/investing/2015/02/20/making-money-with-charles-payne-022015/,2015-02-20,PANW,foxbusiness,
77019,Making Money With Charles Payne: 01/21/15,http://www.foxbusiness.com/investing/2015/01/21/making-money-with-charles-payne-012115/,2015-01-21,PANW,foxbusiness,
77069,How to Profit from Cyber Pain,http://www.foxbusiness.com/technology/2014/11/18/main-growing-pain-point-all-face-cyber-hacks/,2014-11-18,PANW,foxbusiness,
77121,Making Money With Charles Payne: 09/02/14,http://www.foxbusiness.com/investing/2014/09/03/making-money-with-charles-payne-00214/,2014-09-03,PANW,foxbusiness,
77187,Palo Alto Networks to Buy Israeli Cybersecurity Firm,http://www.foxbusiness.com/industries/2014/03/24/palo-alto-networks-to-buy-israeli-cybersecurity-firm-for-200-million/,2014-03-24,PANW,foxbusiness,
79029,Making Money With Charles Payne: 02/18/15,http://www.foxbusiness.com/investing/2015/02/18/making-money-with-charles-payne-021815/,2015-02-18,PXD,foxbusiness,
79120,"Oil Refiners Tumble, Producers Rally on Export Ruling",http://www.foxbusiness.com/markets/2014/06/25/oil-refiners-tumble-producers-rally-on-export-ruling/,2014-06-25,PXD,foxbusiness,
79123,Energy Stocks Move Higher as Oil Spikes,http://www.foxbusiness.com/markets/2014/06/12/energy-stocks-move-higher-as-oil-spikes/,2014-06-12,PXD,foxbusiness,
82787,Oil companies sound alarm on 4Q outlook,http://www.foxbusiness.com/markets/2017/10/20/oil-companies-sound-alarm-on-4q-outlook.html?cmpid=prn_benz,2017-10-20,SLB,foxbusiness,"VideoSchlumberger (NYSE:SLB) and Baker Hughes, a General Electric company, (NYSE:BGHE) issued cautionary statements over the future of the oil business when discussing its latest quarterly results on Friday, with weak oil prices slowing sector investment.‚ÄúWe expect the overall oil and gas environment to remain challenging for the rest of the year,‚Äù Baker Hughes‚Äô CEO Lorenzo Simonelli said. Baker Hughes merged with GE‚Äôs (NYSE:GE) oil and gas business last summer, putting the company under the GE umbrella.In a statement, Schlumberger noted that investment in North American oil and gas seems to be decreasing.‚ÄúIn the U.S. Gulf of Mexico, activity continued to weaken in the third quarter, and the outlook remains bleak for this region based on current customer plans,‚Äù the company wrote.More from FOX BusinessTop oilfield services firms signal fourth-quarter uncertaintyThree major takeaways from GE‚Äôs earningsUS STOCKS-Tech, bank stocks lift Wall St; tax-cut plan back in focusThe energy sector declined 9.4% year-to-date through this Wednesday‚Äôs close, making it the second worst performing sector in the S&P 500 index. But, according to the Center for Financial Research and Analysis (CFRA), things have started improve, with the sector advancing 9.9% after bottoming on Aug. 18. The two-month increase was largely a reaction to higher oil prices.The CFRA said it is now ‚Äúless cautious‚Äù on the energy sector, and said they expect third quarter earnings season to be ‚Äúgood‚Äù for the energy sector. Earnings reports from energy companies will continue next week, with Halliburton (NYSE:HAL) scheduled to release its latest results Monday."
83550,Oil Crumbles to '09 Lows After OPEC Stands Still,http://www.foxbusiness.com/markets/2015/12/07/oil-flirts-with-200-lows-after-opec-stands-still/,2015-12-07,SLB,foxbusiness,
84675,Corona owner makes a big play towards cannabis-infused drinks,http://www.foxbusiness.com/features/2017/10/30/corona-owner-makes-big-play-towards-cannabis-infused-drinks.html?cmpid=prn_benz,2017-10-30,STZ,foxbusiness,"Corona beer owner Constellation Brands (NYSE:STZ) has made a major play towards the future of booze with plans to sell cannabis-infused alcoholic beverages.More on this...Five Star Munchies: Inside Weed-Infused Fine DiningThis Canadian Marijuana Stock Is a Bet on the U.S. Cannabis Market, TooThe U.S.-based beverage company announced Monday that it has agreed to buy a 9.9% stake in Canopy Growth Corporation, the world‚Äôs largest publicly traded cannabis company, for $191 million.The company said it is planning to work with the grower to develop, market and sell cannabis-infused beverages.Constellation Brands President and CEO Rob Sands told the Wall Street Journal that the move is in anticipation that marijuana will soon be legalized nationwide in the United States.""We think that it's highly likely, given what's happened at the state level,"" Sands said. However, he added that his company doesn‚Äôt plan to sell any of the products in the U.S. until marijuana is legal nationwide, even if other states like California ‚Äì which is expected to legalize the cultivation and selling of recreational marijuana in 2018 ‚Äì get passed. Instead, he says the company will focus on selling its new products in overseas markets where recreational marijuana is legal. ‚ÄúCanopy Growth has a seasoned leadership team that understands the legal, regulatory and economic landscape for an emerging market that is predicted to become a significant consumer category in the future,‚Äù Sands said in a statement. ‚ÄúOur company‚Äôs success is the result of our focus on identifying early stage consumer trends, and this is another step in that direction.‚Äù"
85145,"Can AB InBev, SABMiller Squash Antitrust Hurdles?",http://www.foxbusiness.com/industries/2015/10/13/can-ab-inbev-sabmiller-squash-antitrust-hurdles/,2015-10-13,STZ,foxbusiness,
85152,S&P 500 Completes Best Week of 2015,http://www.foxbusiness.com/markets/2015/10/09/sp-500-completes-best-week-2015/,2015-10-09,STZ,foxbusiness,
85161,"Stocks Climb Back, Oil Prices Shed Gains",http://www.foxbusiness.com/markets/2015/10/07/futures-jump-asian-shares-hit-seven-week-high/,2015-10-07,STZ,foxbusiness,
85185,"Markets Close Higher, Despite Weak Jobs Report",http://www.foxbusiness.com/markets/2015/10/02/major-averages-rally-more-than-1/,2015-10-02,STZ,foxbusiness,
85446,Corona Deal Lifts Constellation's 1Q Earnings,http://www.foxbusiness.com/industries/2014/07/02/constellation-brands-revenue-beats-estimates-on-higher-beer-sales/,2014-07-02,STZ,foxbusiness,
85481,Bulls Charge the Street as Traders Cheer FOMC Minutes,http://www.foxbusiness.com/markets/2014/04/09/bulls-charge-street-as-traders-cheer-fomc-minutes/,2014-04-09,STZ,foxbusiness,
85485,Strong Beer Sales Boost Constellation Brands Profit,http://www.foxbusiness.com/industries/2014/04/09/constellation-brands-profit-nearly-doubles-on-strong-beer-sales/,2014-04-09,STZ,foxbusiness,
85486,Stock Futures Edge Up as Traders Eye Earnings,http://www.foxbusiness.com/markets/2014/04/09/wall-street-edges-up-as-traders-eye-earnings/,2014-04-09,STZ,foxbusiness,
85487,Stocks Jump After Alcoa Beat Lifts Sentiment,http://www.foxbusiness.com/markets/2014/04/09/stocks-jump-after-alcoa-beat-lifts-sentiment/,2014-04-09,STZ,foxbusiness,
87223,Google Leads Funding in Virtual Reality Startup,http://www.foxbusiness.com/technology/2014/10/22/google-leads-542m-round-in-virtual-reality-startup-magic-leap/,2014-10-22,SYK,foxbusiness,
89006,Nike Scores in Goldman/Teen Vogue Millennial Survey,http://www.foxbusiness.com/industries/2015/11/18/nike-scores-in-goldman-sachsteen-vogue-millennial-brands-survey/,2015-11-18,TJX,foxbusiness,
89066,Walmart's Wage Problem Hits Investors,http://www.foxbusiness.com/industries/2015/08/18/walmarts-wage-problem-hits-investors/,2015-08-18,TJX,foxbusiness,
89140,Making Money With Charles Payne: 05/19/15,http://www.foxbusiness.com/investing/2015/05/19/making-money-with-charles-payne-05115/,2015-05-19,TJX,foxbusiness,
89152,Making Money With Charles Payne: 05/18/15,http://www.foxbusiness.com/investing/2015/05/18/making-money-with-charles-payne-051815/,2015-05-18,TJX,foxbusiness,
89159,Making Money With Charles Payne: 05/13/15,http://www.foxbusiness.com/investing/2015/05/13/making-money-with-charles-payne-051315/,2015-05-13,TJX,foxbusiness,
89180,Wage Growth Awaits Lift From Recent Minimum-Wage Raises,http://www.foxbusiness.com/economy-policy/2015/04/07/wage-growth-waiting-for-lift-from-mcd-and-wal-mart-raises/,2015-04-07,TJX,foxbusiness,
89184,Making Money With Charles Payne: 04/02/15,http://www.foxbusiness.com/investing/2015/04/03/making-money-with-charles-payne-040215/,2015-04-02,TJX,foxbusiness,
89187,Making Money With Charles Payne: 04/01/15,http://www.foxbusiness.com/investing/2015/04/01/making-money-with-charles-payne-040115-974681489/,2015-04-01,TJX,foxbusiness,
89202,Making Money With Charles Payne: 03/17/15,http://www.foxbusiness.com/investing/2015/03/17/making-money-with-charles-payne-031715/,2015-03-17,TJX,foxbusiness,
89226,Making Money With Charles Payne: 02/25/15,http://www.foxbusiness.com/investing/2015/02/25/making-money-with-charles-payne-022515/,2015-02-25,TJX,foxbusiness,
89239,Making Money With Charles Payne: 02/23/15,http://www.foxbusiness.com/investing/2015/02/23/making-money-with-charles-payne-022315/,2015-02-23,TJX,foxbusiness,
89264,Making Money With Charles Payne: 12/29/14,http://www.foxbusiness.com/investing/2014/12/29/making-money-with-charles-payne-12214/,2014-12-29,TJX,foxbusiness,
89279,Making Money With Charles Payne: 11/25/14,http://www.foxbusiness.com/investing/2014/11/25/making-money-with-charles-payne-112514/,2014-11-25,TJX,foxbusiness,
89280,Making Money With Charles Payne: 11/20/14,http://www.foxbusiness.com/investing/2014/11/20/making-money-with-charles-payne-112014/,2014-11-20,TJX,foxbusiness,
89287,Making Money With Charles Payne: 11/14/14,http://www.foxbusiness.com/investing/2014/11/14/making-money-with-charles-payne-111414/,2014-11-14,TJX,foxbusiness,
89299,Making Money With Charles Payne: 10/17/14,http://www.foxbusiness.com/investing/2014/10/17/making-money-with-charles-payne-101714/,2014-10-17,TJX,foxbusiness,
89303,Wonderful Time of Year: Holiday-Shopping Prediction,http://www.foxbusiness.com/industries/2014/10/10/holiday-shopping-prediction-season-most-wonderful-time-year/,2014-10-10,TJX,foxbusiness,
89305,Making Money With Charles Payne: 10/07/14,http://www.foxbusiness.com/investing/2014/10/07/making-money-with-charles-payne-100714/,2014-10-07,TJX,foxbusiness,
89312,Making Money With Charles Payne: 09/24/14,http://www.foxbusiness.com/investing/2014/09/24/making-money-with-charles-payne-02414/,2014-09-24,TJX,foxbusiness,
89329,"Jackson Hole, Data Deluge on Tap Next Week",http://www.foxbusiness.com/investing/2014/08/15/jackson-hole-data-deluge-on-tap-next-week/,2014-08-15,TJX,foxbusiness,
89333,The Stocks Already in Correction Mode,http://www.foxbusiness.com/markets/2014/08/01/stocks-already-in-correction-mode/,2014-08-01,TJX,foxbusiness,
89349,Hackers' Next Target: Your Health Insurance Company,http://www.foxbusiness.com/personal-finance/2014/05/29/your-insurance-company-may-be-next-target-in-data-breach/,2014-05-29,TJX,foxbusiness,
89363,"TJX Posts Disappointing 1Q Sales, Softens Outlook",http://www.foxbusiness.com/industries/2014/05/20/tjx-posts-lower-than-expected-quarterly-sales/,2014-05-20,TJX,foxbusiness,
91589,Insurer Travelers's Profit Rises 17% in 1Q,http://www.foxbusiness.com/industries/2014/04/22/insurer-travelers-profit-rises-17-in-1q/,2014-04-22,TRV,foxbusiness,
93133,Tyson Foods to build new $300M plant in Tennessee,http://www.foxbusiness.com/politics/2017/11/20/tyson-foods-to-build-new-300m-plant-in-tennessee.html?cmpid=prn_benz,2017-11-20,TSN,foxbusiness,"VideoOne of the world‚Äôs largest food companies, Tyson Foods (NYSE:TSN), announced on Monday that it will build a new chicken plant in Tennessee.‚ÄúThis project will enable us to provide even more fresh chicken to consumers across the country,‚Äù said Tom Hayes, president and CEO of Tyson Foods, in a press release. ‚ÄúAs one of the world‚Äôs leading protein companies, we continue to raise the world‚Äôs expectations of how much good food can do.‚ÄùThe plant is expected to cost the company around $300 million and create more than 1,500 jobs. It will produce pre-packaged trays of chicken for sale at grocery stores, processing about 1.25 million birds per week, according to the company. The overall operation could generate as much as $150 million in economic benefit for the state.Tyson expects to begin operations at the next plant in late-2019.The Tennessee announcement comes as the food group put plans to construct a separate, state-of-the-art facility in Kansas on hold, over opposition from local residents. That plant was expected to cost $320 million and create 1,600 positions.More from FOXBusiness.com...Rep. Faso: We should change the tax policy in New York StateTrump: We will have the border wallTrump's policy reversal on trophy elephants is unusual and welcome: VarneyThe seemingly warm welcome in Tennessee did not go unmentioned by Tyson executives on Monday.‚ÄúThe [Tennessee] location is attractive to us because of the strong support we‚Äôve received from state and local leaders, the existing industrial park and availability of labor, as well as access to feed grains produced in the region,‚Äù Doug Ramsey, group president of Poultry for Tyson Foods, said in a statement on Monday.The new facility in Humboldt County will be Tyson‚Äôs fifth location in the state of Tennessee.Tennessee is also gaining another big factory, as LG Electronics works on a new, 1 million-square-foot factory to build washing machines, scheduled for completion by the first quarter of 2019."
93566,S&P 500 Completes Best Week of 2015,http://www.foxbusiness.com/markets/2015/10/09/sp-500-completes-best-week-2015/,2015-10-09,TSN,foxbusiness,
93570,Alcoa Shares Fall Following 3Q Earnings Miss,http://www.foxbusiness.com/markets/2015/10/08/alcoa-shares-fall-following-3q-earnings-miss/,2015-10-08,TSN,foxbusiness,
93579,Tyson Foods Under Fire As Video Shows Abuse,http://www.foxbusiness.com/industries/2015/09/14/tyson-foods-under-fire-as-second-farm-is-accused-abuse/,2015-09-14,TSN,foxbusiness,
93584,Tyson Terminates Farm Contract After Violent Video,http://www.foxbusiness.com/industries/2015/08/27/graphic-video-shows-mcdonalds-tyson-supplier-stabbing-chickens/,2015-08-27,TSN,foxbusiness,
93597,"As Oil Plunges, Energy Sector Hits Wall Street",http://www.foxbusiness.com/markets/2015/08/03/us-stocks-on-pace-to-kick-off-week-step-lower/,2015-08-03,TSN,foxbusiness,
93653,"2015, The Year of Antibiotic Free Chicken?",http://www.foxbusiness.com/industries/2015/05/07/2015-year-antibiotic-free-chicken/,2015-05-07,TSN,foxbusiness,
93710,Making Money With Charles Payne: 04/21/15,http://www.foxbusiness.com/investing/2015/04/22/making-money-with-charles-payne-042115/,2015-04-22,TSN,foxbusiness,
93864,A 'Big and Strong' Stock Play,http://www.foxbusiness.com/investing/2014/11/07/big-and-strong-stock-play/,2014-11-07,TSN,foxbusiness,
93883,Some Firms Will Benefit from Falling Corn Prices,http://www.foxbusiness.com/investing/2014/09/05/here-how-some-firms-will-benefit-from-falling-corn-prices/,2014-09-05,TSN,foxbusiness,
93915,"Hillshire, Tyson Make Deal Official",http://www.foxbusiness.com/industries/2014/07/02/hillshire-tyson-make-merger-deal-official/,2014-07-02,TSN,foxbusiness,
93921,U.S. Stocks Fall on Iraq Worries,http://www.foxbusiness.com/markets/2014/06/16/us-stocks-fall-on-iraq-worries/,2014-06-16,TSN,foxbusiness,
93922,"Iraq Instability Pressures Stock Futures, Lifts Oil",http://www.foxbusiness.com/markets/2014/06/16/iraq-instability-pressures-stock-futures-lifts-oil/,2014-06-16,TSN,foxbusiness,
93939,Stocks Poised to Slip from Record Highs,http://www.foxbusiness.com/markets/2014/06/09/stocks-poised-to-slip-from-record-highs/,2014-06-09,TSN,foxbusiness,
93941,Hennessy: CapEx Rebound to Lift Stocks,http://www.foxbusiness.com/investing/2014/06/05/hennessy-capex-rebound-to-lift-stocks-further/,2014-06-05,TSN,foxbusiness,
93942,M&A Activity Fearless Against Rate Hikes,http://www.foxbusiness.com/industries/2014/06/04/ma-activity-fearless-against-future-rate-hikes/,2014-06-04,TSN,foxbusiness,
93950,Hillshire to Begin Talks as Pilgrim's Pride Hikes Bid,http://www.foxbusiness.com/industries/2014/06/03/pilgrim-pride-ups-bidding-war-for-hillshire/,2014-06-03,TSN,foxbusiness,
93967,Tyson Foods Profit Doubles But Lags Expectations,http://www.foxbusiness.com/industries/2014/05/05/tyson-foods-profit-doubles-due-to-higher-beef-pork-prices/,2014-05-05,TSN,foxbusiness,
93969,"Week Ahead: Yellen Before Congress, Plus Data and Earnings",http://www.foxbusiness.com/economy-policy/2014/05/02/week-ahead-yellen-before-congress-data-and-earnings/,2014-05-02,TSN,foxbusiness,
96301,Averages Close Lower as Tech Giants Drag,http://www.foxbusiness.com/markets/2015/07/22/futures-lower-as-apple-microsoft-weigh-on-market/,2015-07-22,TXN,foxbusiness,
96308,"Week Ahead: Heavy Earnings, Light Data",http://www.foxbusiness.com/economy-policy/2015/07/17/week-ahead-heavy-earnings-light-data/,2015-07-17,TXN,foxbusiness,
96355,How About Some Pride in American Made Products?,http://www.foxbusiness.com/business-leaders/2015/05/01/how-about-some-pride-in-american-made-products/,2015-05-01,TXN,foxbusiness,
96375,Making Money With Charles Payne: 04/22/15,http://www.foxbusiness.com/investing/2015/04/22/test/,2015-04-22,TXN,foxbusiness,
96506,Apple Leads the Charge as Earnings Season Heats Up,http://www.foxbusiness.com/economy-policy/2014/10/17/week-ahead-apple-earnings-inflation-and-housing-data/,2014-10-17,TXN,foxbusiness,
96519,Washington Needs to Go on a Diet,http://www.foxbusiness.com/economy-policy/2014/09/26/washington-needs-to-go-on-diet/,2014-09-26,TXN,foxbusiness,
96534,Want to be a Great Leader? You Need to Fail First,http://www.foxbusiness.com/economy-policy/2014/09/02/want-to-be-great-leader-need-to-fail-first/,2014-09-02,TXN,foxbusiness,
96558,"TXN Posts 2Q Beat, Upbeat Outlook",http://www.foxbusiness.com/industries/2014/07/21/texas-instruments-reports-earnings/,2014-07-21,TXN,foxbusiness,
96561,The One Negotiating Strategy You Need to Know,http://www.foxbusiness.com/technology/2014/07/21/one-negotiating-strategy-need-to-know/,2014-07-21,TXN,foxbusiness,
96566,Taking the 'Silicon' Out of Silicon Valley,http://www.foxbusiness.com/technology/2014/07/11/taking-silicon-out-silicon-valley/,2014-07-11,TXN,foxbusiness,
96586,Texas Instruments' Quarterly Revenue Rises,http://www.foxbusiness.com/industries/2014/04/23/texas-instruments-reports-earnings/,2014-04-23,TXN,foxbusiness,
98055,Paltrow 'Juiced' to Take on the Beauty Industry,http://www.foxbusiness.com/industries/2015/07/27/paltrow-juiced-about-her-organic-beauty-products-venture/,2015-07-28,ULTA,foxbusiness,
98074,ULTA Stock Looking Good,http://www.foxbusiness.com/investing/2015/07/08/ulta-stock-looking-good/,2015-07-08,ULTA,foxbusiness,
98134,Making Money With Charles Payne: 03/13/15,http://www.foxbusiness.com/investing/2015/03/13/making-money-with-charles-payne-031315/,2015-03-13,ULTA,foxbusiness,
98184,"Michaels, a Great Americana Stock Pick?",http://www.foxbusiness.com/investing/2015/01/27/michaels-great-americana-stock-pick/,2015-01-27,ULTA,foxbusiness,
98185,Making Money With Charles Payne: 01/26/15,http://www.foxbusiness.com/investing/2015/01/26/making-money-with-charles-payne-012615/,2015-01-26,ULTA,foxbusiness,
98249,Making Money With Charles Payne: 09/19/14,http://www.foxbusiness.com/investing/2014/09/22/making-money-with-charles-payne-0114/,2014-09-19,ULTA,foxbusiness,
98260,Making Money With Charles Payne: 09/11/14,http://www.foxbusiness.com/investing/2014/09/11/making-money-with-charles-payne-01114/,2014-09-11,ULTA,foxbusiness,
98267,DANG: Take a Look at This Stock Pick,http://www.foxbusiness.com/investing/2014/08/05/take-look-at-this-stock-pick/,2014-08-05,ULTA,foxbusiness,
102119,"Energy, Biotechs Weigh on Wall Street",http://www.foxbusiness.com/markets/2015/10/21/futures-slightly-higher-china-stocks-tumble/,2015-10-21,WDC,foxbusiness,
102422,"Tech Sector Lags as EMC, Juniper Sink",http://www.foxbusiness.com/markets/2014/04/23/tech-sector-lags-as-emc-juniper-sink/,2014-04-23,WDC,foxbusiness,
104419,Earnings Kickoff: What to Expect from 3Q Results,http://www.foxbusiness.com/industries/2014/10/08/kickoff-to-earnings-what-to-expect-from-3q-results/,2014-10-08,WMB,foxbusiness,
104441,Williams to Take Over Access Midstream for $6B,http://www.foxbusiness.com/industries/2014/06/16/williams-to-take-over-access-midstream-for-6-billion/,2014-06-16,WMB,foxbusiness,
104443,Energy Stocks Move Higher as Oil Spikes,http://www.foxbusiness.com/markets/2014/06/12/energy-stocks-move-higher-as-oil-spikes/,2014-06-12,WMB,foxbusiness,
